dublin,barcelona
Paris,lisbon
paris,dublin
rome,barcelona
rome,dublin
rome,paris
venice,amsterdam
venice,rome
berlin,lisbon
berlin,paris
berlin,rome
prague,rome
warsaw,paris
warsaw,prague
copenhagen,barcelona
copenhagen,amsterdam
budapest,paris
athens,warsaw
athens,budapest
oslo,copenhagen
istanbul,berlin
istanbul,athens
moscow,warsaw
moscow,copenhagen
moscow,istanbul
stockholm,copenhagen
stockholm,oslo
brussels,rome
brussels,paris
brussels,amsterdam
london,liverpool
london,dublin
london,venice
london,berlin
london,athens
cologne,warsaw
cologne,london
madrid,paris
madrid,athens
madrid,brussels
kyiv,warsaw
kyiv,athens
kyiv,moscow
hamburg,berlin
hamburg,london
munich,hamburg
bordeaux,paris
monaco,paris
monaco,athens
zurich,berlin
